id,quote,author,source
20260201,World Interfaith Harmony Day promotes cooperation and respect among different belief systems across communities worldwide.,1st February,On This Day
20260202,Groundhog Day is observed in North America where a groundhog shadow sighting is said to predict the length of winter.,2nd February,On This Day
20260203,This date is linked to early weather folklore used by farmers to judge soil readiness and seasonal shifts.,3rd February,On This Day
20260204,World Cancer Day focuses on prevention education early detection and global access to treatment resources.,4th February,On This Day
20260205,"On this date, the United Artists film studio was founded to give creators more control over their work.",5th February,On This Day
20260206,Waitangi Day marks the signing of New Zealand founding treaty shaping relations between Maori and settlers.,6th February,On This Day
20260207,Charles Dickens was born on this date inspiring generations with social realism and moral storytelling.,7th February,On This Day
20260208,Jules Verne was born on this date shaping science fiction with stories of exploration invention and future travel.,8th February,On This Day
20260209,This day recalls early postal systems that expanded information sharing across growing nations.,9th February,On This Day
20260210,The first official weather forecast was published on this date helping shape modern meteorology.,10th February,On This Day
20260211,World Day of Women and Girls in Science highlights equal access to scientific education and leadership.,11th February,On This Day
20260212,Abraham Lincoln was born on this date becoming a symbol of unity reform and perseverance during crisis.,12th February,On This Day
20260213,World Radio Day celebrates radio power in sharing news culture and music across distances.,13th February,On This Day
20260214,Valentine Day traces back to ancient Roman customs and later became linked to romantic expression.,14th February,On This Day
20260215,Galileo Galilei was born on this date laying foundations for modern astronomy and observation science.,15th February,On This Day
20260216,This date marks early aviation milestones that reshaped travel and global connection.,16th February,On This Day
20260217,Random Acts of Kindness Day encourages spontaneous generosity without reward or recognition.,17th February,On This Day
20260218,Pluto was discovered on this date expanding knowledge of the solar system outer regions.,18th February,On This Day
20260219,This date honors perseverance through stories of leaders artists and innovators born on this day.,19th February,On This Day
20260220,World Day of Social Justice promotes fairness dignity and equal opportunity across societies.,20th February,On This Day
20260221,World Mother Language Day protects linguistic diversity and cultural heritage worldwide.,21st February,On This Day
20260222,George Washington birthday reflects leadership values and the foundations of civic duty.,22nd February,On This Day
20260223,This date marks key moments in sports history celebrating teamwork and discipline.,23rd February,On This Day
20260224,The first modern national lottery began on this date influencing public funding models.,24th February,On This Day
20260225,Pierre Auguste Renoir was born on this date shaping modern painting through light movement and everyday life.,25th February,On This Day
20260226,Victor Hugo was born on this date inspiring literature with themes of justice and humanity.,26th February,On This Day
20260227,This date reflects resilience through historical recoveries after major global challenges.,27th February,On This Day
20260228,Rare Disease Day raises awareness for conditions affecting small populations and shared research efforts.,28th February,On This Day
20260301,World Civil Defense Day highlights emergency preparedness and the systems designed to protect civilian populations.,1st March,On This Day
20260302,Dr Seuss was born on this date influencing children literature with playful language and moral imagination.,2nd March,On This Day
20260303,World Wildlife Day celebrates global efforts to protect endangered species and fragile ecosystems.,3rd March,On This Day
20260304,World Engineering Day honors innovation that supports network energy transport and technology growth.,4th March,On This Day
20260305,This date highlights the early development of scientific academies that encouraged shared research peer review and public access to knowledge.,5th March,On This Day
20260306,The first US patent law was enacted around this time formalizing protection for inventors and encouraging scientific innovation.,6th March,On This Day
20260307,Alexander Graham Bell received the patent for the telephone on this date transforming how humans communicate across distances.,7th March,On This Day
20260308,World Women Day honors the social economic cultural and political achievements of women while advocating for gender equality.,8th March,On This Day
20260309,This date recalls early explorers and mapmakers whose careful maps improved trade routes and global knowledge.,9th March,On This Day
20260310,The first successful telephone call was made on this date marking a innovative moment in human connectivity.,10th March,On This Day
20260311,World Plumbing Day emphasizes the importance of clean water sanitation systems and foundation in protecting public health.,11th March,On This Day
20260312,The Girl Scouts organization was founded on this date promoting leadership service and confidence in young women.,12th March,On This Day
20260313,This date is associated with early astronomical observations that challenged Earth centered views of the universe.,13th March,On This Day
20260314,Pi Day celebrates mathematics while honoring Albert Einstein birthday symbolizing curiosity logic and scientific thinking.,14th March,On This Day
20260315,Julius Caesar murder on this date reshaped Roman politics and influenced ideas about power loyalty and governance.,15th March,On This Day
20260316,This date reflects milestones in early space science planning that laid groundwork for satellite exploration.,16th March,On This Day
20260317,Saint Patrick Day celebrates Irish culture history and traditions through global parades music and symbolism.,17th March,On This Day
20260318,This date marks significant advancements in aviation engineering improving aircraft stability and safety.,18th March,On This Day
20260319,This date is observed in many cultures as a celebration of artistry skilled labor and vocational traditions.,19th March,On This Day
20260320,World Day of Happiness promotes well being kindness and social progress as measures of global success.,20th March,On This Day
20260321,World Poetry Day honors poetic expression as a powerful tool for language culture and emotional storytelling.,21st March,On This Day
20260322,World Water Day raises awareness about freshwater conservation sustainable usage and global water availability.,22nd March,On This Day
20260323,The World Weather Organization was officially established advancing climate science weather forecasting and data sharing.,23rd March,On This Day
20260324,World Tuberculosis Day commemorates the discovery of the tuberculosis bacterium improving disease awareness and treatment.,24th March,On This Day
20260325,This date reflects the spread of early printing technology which expanded literacy education and information access.,25th March,On This Day
20260326,This date marks early research with renewable energy sources including wind and water driven power.,26th March,On This Day
20260327,World Theatre Day celebrates live performance as a reflection of human emotion social issues and storytelling tradition.,27th March,On This Day
20260328,The first washing machine patent was issued on this date transforming household labor and domestic life.,28th March,On This Day
20260329,This date highlights advancements in automobile safety design including braking and structural improvements.,29th March,On This Day
20260330,Vincent van Gogh was born on this date later influencing modern art with emotional intensity and bold color.,30th March,On This Day
20260331,This date marks early satellite launches that expanded earth viewing signal links and space research skills.,31st March,On This Day
20260401,April Fools Day traces back centuries to calendar changes and traditions of playful deception shared across multiple cultures.,1st April,On This Day
20260402,"World Autism Awareness Day promotes empathy, acceptance and inclusion while highlighting neurological diversity worldwide.",2nd April,On This Day
20260403,This date marks early advancements in mechanical clocks which improved timekeeping accuracy and daily coordination.,3rd April,On This Day
20260404,The NATO alliance was founded on this date reshaping global security cooperation and collective defense strategy.,4th April,On This Day
20260405,This date reflects early postal system reforms that standardized mail delivery and expanded long distance transmission.,5th April,On This Day
20260406,The first modern Olympic Games opened on this date reviving world athletic competition and global unity.,6th April,On This Day
20260407,World Health Day commemorates the founding of the World Health Organization focusing on global health equity.,7th April,On This Day
20260408,This date highlights early work in photographic reproduction that advanced reporting records and visual narrative.,8th April,On This Day
20260409,This date marks the first public library tax support systems expanding free access to knowledge.,9th April,On This Day
20260410,The Titanic set sail on this date symbolizing engineering ambition and the era of grand ocean liners.,10th April,On This Day
20260411,Apollo Thirteen launched on this date later becoming a defining story of ingenuity teamwork and crisis management.,11th April,On This Day
20260412,Yuri Gagarin became the first human in space on this date opening a new chapter in space exploration.,12th April,On This Day
20260413,This date recalls the first practical phonograph demos changing how sound could be recorded and replayed.,13th April,On This Day
20260414,The first successful demo of a video recorder occurred on this date influencing media broadcasting.,14th April,On This Day
20260415,The sinking of the Titanic occurred on this date leading to lasting maritime safety reforms.,15th April,On This Day
20260416,This date marks early experiments with radar technology that transformed navigation and defense systems.,16th April,On This Day
20260417,World Hemophilia Day raises awareness about inherited blood disorders and advances in treatment research.,17th April,On This Day
20260418,World Heritage Day celebrates preservation of cultural landmarks historic sites and shared human history.,18th April,On This Day
20260419,This date marks the beginning of the American War of Independence shaping democratic governance ideals.,19th April,On This Day
20260420,This date reflects milestones in music recording history improving audio fidelity and mass distribution.,20th April,On This Day
20260421,Rome traditional founding date symbolizes the rise of one of history most influential cultures.,21st April,On This Day
20260422,Earth Day promotes environment protection conservation awareness and sustainable living worldwide.,22nd April,On This Day
20260423,World Book Day honors literature authors and reading as pillars of cultural exchange and education.,23rd April,On This Day
20260424,This date commemorates early discoveries in vaccination that laid foundations for disease prevention.,24th April,On This Day
20260425,World Malaria Day highlights prevention research and global health efforts to combat malaria.,25th April,On This Day
20260426,World Intellectual Property Day celebrates creativity innovation and protection of original ideas.,26th April,On This Day
20260427,This date reflects early electrical grid expansion powering urban growth and industrial development.,27th April,On This Day
20260428,World Day for Safety and Health at Work promotes safe working environments and labor protections.,28th April,On This Day
20260429,This date marks the founding of major dance institutions influencing performance arts worldwide.,29th April,On This Day
20260430,The first world jazz festival was held around this date celebrating musical free from and cultural exchange.,30th April,On This Day
